{"actions":[],"apps":[{"acl":{"app":[],"field":[],"record":[]},"app":null,"category":{"categories":[],"useCategory":"false"},"form":{"layout":"[{\"id\":null,\"type\":\"ROW\",\"isSubTable\":false,\"var\":null,\"label\":null,\"controlList\":[{\"isVirtical\":true,\"styleMap\":{\"width\":120},\"type\":\"RECORD_ID\",\"var\":\"id\",\"label\":\"ID\"}]},{\"id\":null,\"type\":\"ROW\",\"isSubTable\":false,\"var\":null,\"label\":null,\"controlList\":[{\"isVirtical\":true,\"styleMap\":{\"width\":193},\"type\":\"SINGLE_LINE_TEXT\",\"var\":\"title\",\"label\":\"Title\"}]},{\"id\":null,\"type\":\"ROW\",\"isSubTable\":false,\"var\":null,\"label\":null,\"controlList\":[{\"isVirtical\":true,\"styleMap\":{\"width\":315,\"height\":162,\"innerHeight\":125},\"type\":\"MULTIPLE_LINE_TEXT\",\"var\":\"description\",\"label\":\"Description\"}]},{\"id\":null,\"type\":\"ROW\",\"isSubTable\":false,\"var\":null,\"label\":null,\"controlList\":[{\"isVirtical\":true,\"styleMap\":{},\"type\":\"REFERENCE_TABLE\",\"var\":\"versions\",\"label\":\"Versions\"}]},{\"id\":null,\"type\":\"ROW\",\"isSubTable\":false,\"var\":null,\"label\":null,\"controlList\":[{\"isVirtical\":true,\"styleMap\":{\"width\":136},\"type\":\"CREATOR\",\"var\":\"createdBy\",\"label\":\"Created By\"}]},{\"id\":null,\"type\":\"ROW\",\"isSubTable\":false,\"var\":null,\"label\":null,\"controlList\":[{\"isVirtical\":true,\"styleMap\":{\"width\":196},\"type\":\"CREATED_AT\",\"var\":\"createdAt\",\"label\":\"Created Datetime\"}]}]","revision":null},"iconMeta":null,"info":{"automaticallyChooseTitleComponent":"true","code":null,"decimalPrecision":"16","decimalScale":"4","description":"\u003Cdiv\u003E\u003Cbr /\u003E\u003C/div\u003E","enableBulkDeletion":"false","enableRecordReuse":"true","fiscalYearStartMonth":"4","iconKey":"APP39","iconType":"PRESET","jsFiles":null,"jsScope":"ALL","name":"Documents","roundingMode":"HALF_EVEN","theme":"PLAIN","titleComponentLocalId":null,"useComment":"true","useHistory":"true","useInlineEditAndDelete":"true","useThumbnail":"true"},"jsFiles":[],"notification":{"appNotifications":[{"events":["RECORD_COMMENT_ADDED"],"target":{"entityId":"5118350","entityType":"FIELD_ENTITY","includeSubs":"false"}},{"events":["RECORD_COMMENT_ADDED"],"target":{"entityId":"5118351","entityType":"FIELD_ENTITY","includeSubs":"false"}}],"recordNotifications":[],"reminderTimezone":null,"reminders":[],"useComment":"true","useReminder":"false"},"plugins":[],"reports":[],"resource":{"tables":[{"rows":[{"fields":[],"objectId":"0","subObjectId":"-1"}],"type":"AppName"},{"rows":[{"fields":[],"objectId":"0","subObjectId":"-1"}],"type":"AppDescription"},{"rows":[{"fields":[],"objectId":"5118349","subObjectId":"-1"},{"fields":[],"objectId":"5118350","subObjectId":"-1"},{"fields":[],"objectId":"5118351","subObjectId":"-1"},{"fields":[],"objectId":"5118352","subObjectId":"-1"},{"fields":[],"objectId":"5118353","subObjectId":"-1"},{"fields":[],"objectId":"5118354","subObjectId":"-1"},{"fields":[],"objectId":"5118355","subObjectId":"-1"},{"fields":[],"objectId":"5118356","subObjectId":"-1"},{"fields":[],"objectId":"5118357","subObjectId":"-1"},{"fields":[],"objectId":"5118391","subObjectId":"-1"},{"fields":[],"objectId":"5118421","subObjectId":"-1"}],"type":"FieldLabel"},{"rows":[{"fields":[],"objectId":"20","subObjectId":"-1"}],"type":"ViewName"},{"rows":[],"type":"CategoryName"}]},"schema":{"groups":[],"revision":null,"subTable":{},"table":{"fieldList":{"5118349":{"id":"5118349","label":"ID","properties":{"noLabel":"false","required":"true"},"type":"RECORD_ID","var":"id"},"5118350":{"id":"5118350","label":"Updated by","properties":{"noLabel":"false","required":"true"},"type":"MODIFIER","var":"Updated_by"},"5118351":{"id":"5118351","label":"Created By","properties":{"noLabel":"false","required":"true"},"type":"CREATOR","var":"createdBy"},"5118352":{"id":"5118352","label":"Updated datetime","properties":{"noLabel":"false","required":"true"},"type":"MODIFIED_AT","var":"Updated_datetime"},"5118353":{"id":"5118353","label":"Created Datetime","properties":{"noLabel":"false","required":"true"},"type":"CREATED_AT","var":"createdAt"},"5118354":{"id":"5118354","label":"Status","properties":{"noLabel":"false","required":"false"},"type":"STATUS","var":"Status"},"5118355":{"id":"5118355","label":"Assignee","properties":{"noLabel":"false","required":"false"},"type":"STATUS_ASSIGNEE","var":"Assignee"},"5118356":{"id":"5118356","label":"Categories","properties":{"noLabel":"false","required":"false"},"type":"CATEGORY","var":"Categories"},"5118357":{"id":"5118357","label":"Title","properties":{"defaultValue":"","expression":"","hideExpression":"false","max":null,"min":null,"noLabel":"false","required":"true","unique":"false"},"type":"SINGLE_LINE_TEXT","var":"title"},"5118391":{"id":"5118391","label":"Versions","properties":{"noLabel":"false","required":"false"},"type":"REFERENCE_TABLE","var":"versions"},"5118421":{"id":"5118421","label":"Description","properties":{"defaultValue":"","noLabel":"false","required":"false"},"type":"MULTIPLE_LINE_TEXT","var":"description"}},"id":"1","label":"__ROOT__","properties":null,"var":"__ROOT__"}},"settingsNotesForm":{"content":null,"willBeInherited":null},"status":{"actions":[],"filters":[],"initialStateId":null,"states":[],"useStatus":"false"},"uuid":"2df4cec2-6fb7-4fe2-9620-0888e564c7e4","views":[{"advancedMode":null,"builtinType":"ALL","device":null,"fields":[{"row":[{"columnWidth":null,"id":"5118349"},{"columnWidth":null,"id":"5118357"},{"columnWidth":null,"id":"5118421"}]}],"filter":{"category":null,"offset":null,"order":[],"q":null,"size":null,"sort":[]},"html":null,"keyFieldId":null,"name":"(All records)","pager":null,"revision":null,"titleFieldId":null,"view":"20","viewType":"LIST"}]},{"acl":{"app":[],"field":[],"record":[]},"app":null,"category":{"categories":[],"useCategory":"false"},"form":{"layout":"[{\"id\":null,\"type\":\"ROW\",\"isSubTable\":false,\"var\":null,\"label\":null,\"controlList\":[{\"isVirtical\":true,\"styleMap\":{\"width\":120},\"type\":\"RECORD_ID\",\"var\":\"id\",\"label\":\"ID\"}]},{\"id\":null,\"type\":\"ROW\",\"isSubTable\":false,\"var\":null,\"label\":null,\"controlList\":[{\"isVirtical\":true,\"styleMap\":{\"width\":246},\"type\":\"DECIMAL\",\"var\":\"documentId\",\"label\":\"Document ID\"},{\"isVirtical\":true,\"styleMap\":{\"width\":193},\"type\":\"SINGLE_LINE_TEXT\",\"var\":\"documentTitle\",\"label\":\"Document Title\"}]},{\"id\":null,\"type\":\"ROW\",\"isSubTable\":false,\"var\":null,\"label\":null,\"controlList\":[{\"isVirtical\":true,\"styleMap\":{\"width\":193},\"type\":\"SINGLE_LINE_TEXT\",\"var\":\"version\",\"label\":\"Version\"}]},{\"id\":null,\"type\":\"ROW\",\"isSubTable\":false,\"var\":null,\"label\":null,\"controlList\":[{\"isVirtical\":true,\"styleMap\":{\"width\":207},\"type\":\"FILE\",\"var\":\"file\",\"label\":\"File\"}]},{\"id\":null,\"type\":\"ROW\",\"isSubTable\":false,\"var\":null,\"label\":null,\"controlList\":[{\"isVirtical\":true,\"styleMap\":{\"width\":196},\"type\":\"MODIFIED_AT\",\"var\":\"updatedAt\",\"label\":\"Updated Datetime\"}]}]","revision":null},"iconMeta":null,"info":{"automaticallyChooseTitleComponent":"true","code":null,"decimalPrecision":"16","decimalScale":"4","description":"\u003Cdiv\u003E\u003Cbr /\u003E\u003C/div\u003E","enableBulkDeletion":"false","enableRecordReuse":"true","fiscalYearStartMonth":"4","iconKey":"APP39","iconType":"PRESET","jsFiles":null,"jsScope":"ALL","name":"Document Versions","roundingMode":"HALF_EVEN","theme":"PLAIN","titleComponentLocalId":null,"useComment":"true","useHistory":"true","useInlineEditAndDelete":"true","useThumbnail":"true"},"jsFiles":[],"notification":{"appNotifications":[{"events":["RECORD_COMMENT_ADDED"],"target":{"entityId":"5118361","entityType":"FIELD_ENTITY","includeSubs":"false"}},{"events":["RECORD_COMMENT_ADDED"],"target":{"entityId":"5118362","entityType":"FIELD_ENTITY","includeSubs":"false"}}],"recordNotifications":[],"reminderTimezone":null,"reminders":[],"useComment":"true","useReminder":"false"},"plugins":[],"reports":[],"resource":{"tables":[{"rows":[{"fields":[],"objectId":"0","subObjectId":"-1"}],"type":"AppName"},{"rows":[{"fields":[],"objectId":"0","subObjectId":"-1"}],"type":"AppDescription"},{"rows":[{"fields":[],"objectId":"5118360","subObjectId":"-1"},{"fields":[],"objectId":"5118361","subObjectId":"-1"},{"fields":[],"objectId":"5118362","subObjectId":"-1"},{"fields":[],"objectId":"5118363","subObjectId":"-1"},{"fields":[],"objectId":"5118364","subObjectId":"-1"},{"fields":[],"objectId":"5118365","subObjectId":"-1"},{"fields":[],"objectId":"5118366","subObjectId":"-1"},{"fields":[],"objectId":"5118367","subObjectId":"-1"},{"fields":[],"objectId":"5118368","subObjectId":"-1"},{"fields":[],"objectId":"5118369","subObjectId":"-1"},{"fields":[],"objectId":"5118370","subObjectId":"-1"},{"fields":[],"objectId":"5118371","subObjectId":"-1"}],"type":"FieldLabel"},{"rows":[{"fields":[],"objectId":"20","subObjectId":"-1"}],"type":"ViewName"},{"rows":[],"type":"CategoryName"}]},"schema":{"groups":[],"revision":null,"subTable":{},"table":{"fieldList":{"5118360":{"id":"5118360","label":"ID","properties":{"noLabel":"false","required":"true"},"type":"RECORD_ID","var":"id"},"5118361":{"id":"5118361","label":"Updated by","properties":{"noLabel":"false","required":"true"},"type":"MODIFIER","var":"Updated_by"},"5118362":{"id":"5118362","label":"Created by","properties":{"noLabel":"false","required":"true"},"type":"CREATOR","var":"Created_by"},"5118363":{"id":"5118363","label":"Updated Datetime","properties":{"noLabel":"false","required":"true"},"type":"MODIFIED_AT","var":"updatedAt"},"5118364":{"id":"5118364","label":"Created datetime","properties":{"noLabel":"false","required":"true"},"type":"CREATED_AT","var":"Created_datetime"},"5118365":{"id":"5118365","label":"Status","properties":{"noLabel":"false","required":"false"},"type":"STATUS","var":"Status"},"5118366":{"id":"5118366","label":"Assignee","properties":{"noLabel":"false","required":"false"},"type":"STATUS_ASSIGNEE","var":"Assignee"},"5118367":{"id":"5118367","label":"Categories","properties":{"noLabel":"false","required":"false"},"type":"CATEGORY","var":"Categories"},"5118368":{"id":"5118368","label":"Version","properties":{"defaultValue":"","expression":"","hideExpression":"false","max":null,"min":null,"noLabel":"false","required":"true","unique":"false"},"type":"SINGLE_LINE_TEXT","var":"version"},"5118369":{"id":"5118369","label":"Document ID","properties":{"defaultValue":null,"digit":"false","displayScale":null,"max":null,"min":null,"noLabel":"false","required":"true","roundingMode":null,"scale":null,"unique":"false","unit":null,"unitPosition":"BEFORE"},"type":"DECIMAL","var":"documentId"},"5118370":{"id":"5118370","label":"Document Title","properties":{"defaultValue":"","expression":"","hideExpression":"false","max":null,"min":null,"noLabel":"false","required":"false","unique":"false"},"type":"SINGLE_LINE_TEXT","var":"documentTitle"},"5118371":{"id":"5118371","label":"File","properties":{"noLabel":"false","required":"true","thumbnailSize":"150"},"type":"FILE","var":"file"}},"id":"1","label":"__ROOT__","properties":null,"var":"__ROOT__"}},"settingsNotesForm":{"content":null,"willBeInherited":null},"status":{"actions":[],"filters":[],"initialStateId":null,"states":[],"useStatus":"false"},"uuid":"8412dc05-fcf2-43d5-aa6b-7c4010f73e3c","views":[{"advancedMode":null,"builtinType":"ALL","device":null,"fields":[{"row":[{"columnWidth":null,"id":"5118360"},{"columnWidth":null,"id":"5118368"},{"columnWidth":null,"id":"5118369"},{"columnWidth":null,"id":"5118370"},{"columnWidth":null,"id":"5118371"}]}],"filter":{"category":null,"offset":null,"order":[],"q":null,"size":null,"sort":[]},"html":null,"keyFieldId":null,"name":"(All records)","pager":null,"revision":null,"titleFieldId":null,"view":"20","viewType":"LIST"}]},{"acl":{"app":[],"field":[],"record":[]},"app":null,"category":{"categories":[],"useCategory":"false"},"form":{"layout":"[{\"id\":null,\"type\":\"ROW\",\"isSubTable\":false,\"var\":null,\"label\":null,\"controlList\":[{\"isVirtical\":true,\"styleMap\":{\"width\":120},\"type\":\"RECORD_ID\",\"var\":\"id\",\"label\":\"ID\"},{\"isVirtical\":true,\"styleMap\":{\"width\":246},\"type\":\"DECIMAL\",\"var\":\"documentVersionId\",\"label\":\"Document Version ID\"}]},{\"id\":null,\"type\":\"ROW\",\"isSubTable\":false,\"var\":null,\"label\":null,\"controlList\":[{\"isVirtical\":true,\"styleMap\":{\"width\":193},\"type\":\"DECIMAL\",\"var\":\"page\",\"label\":\"Page\"}]},{\"id\":null,\"type\":\"ROW\",\"isSubTable\":false,\"var\":null,\"label\":null,\"controlList\":[{\"isVirtical\":true,\"styleMap\":{\"width\":315,\"height\":162,\"innerHeight\":125},\"type\":\"MULTIPLE_LINE_TEXT\",\"var\":\"highlight\",\"label\":\"Highlight\"}]},{\"id\":null,\"type\":\"ROW\",\"isSubTable\":false,\"var\":null,\"label\":null,\"controlList\":[{\"isVirtical\":true,\"styleMap\":{\"width\":315,\"height\":162,\"innerHeight\":125},\"type\":\"MULTIPLE_LINE_TEXT\",\"var\":\"scope\",\"label\":\"Scope\"}]},{\"id\":null,\"type\":\"ROW\",\"isSubTable\":false,\"var\":null,\"label\":null,\"controlList\":[{\"isVirtical\":true,\"styleMap\":{\"width\":315,\"height\":162,\"innerHeight\":125},\"type\":\"MULTIPLE_LINE_TEXT\",\"var\":\"content\",\"label\":\"Content\"}]},{\"id\":null,\"type\":\"ROW\",\"isSubTable\":false,\"var\":null,\"label\":null,\"controlList\":[{\"isVirtical\":true,\"styleMap\":{\"width\":136},\"type\":\"CREATOR\",\"var\":\"createdBy\",\"label\":\"Created By\"}]}]","revision":null},"iconMeta":null,"info":{"automaticallyChooseTitleComponent":"true","code":null,"decimalPrecision":"16","decimalScale":"4","description":"\u003Cdiv\u003E\u003Cbr /\u003E\u003C/div\u003E","enableBulkDeletion":"false","enableRecordReuse":"true","fiscalYearStartMonth":"4","iconKey":"APP39","iconType":"PRESET","jsFiles":null,"jsScope":"ALL","name":"Document Notes","roundingMode":"HALF_EVEN","theme":"PLAIN","titleComponentLocalId":null,"useComment":"true","useHistory":"true","useInlineEditAndDelete":"true","useThumbnail":"true"},"jsFiles":[],"notification":{"appNotifications":[{"events":["RECORD_COMMENT_ADDED"],"target":{"entityId":"5118395","entityType":"FIELD_ENTITY","includeSubs":"false"}},{"events":["RECORD_COMMENT_ADDED"],"target":{"entityId":"5118396","entityType":"FIELD_ENTITY","includeSubs":"false"}}],"recordNotifications":[],"reminderTimezone":null,"reminders":[],"useComment":"true","useReminder":"false"},"plugins":[],"reports":[],"resource":{"tables":[{"rows":[{"fields":[],"objectId":"0","subObjectId":"-1"}],"type":"AppName"},{"rows":[{"fields":[],"objectId":"0","subObjectId":"-1"}],"type":"AppDescription"},{"rows":[{"fields":[],"objectId":"5118394","subObjectId":"-1"},{"fields":[],"objectId":"5118395","subObjectId":"-1"},{"fields":[],"objectId":"5118396","subObjectId":"-1"},{"fields":[],"objectId":"5118397","subObjectId":"-1"},{"fields":[],"objectId":"5118398","subObjectId":"-1"},{"fields":[],"objectId":"5118399","subObjectId":"-1"},{"fields":[],"objectId":"5118400","subObjectId":"-1"},{"fields":[],"objectId":"5118401","subObjectId":"-1"},{"fields":[],"objectId":"5118402","subObjectId":"-1"},{"fields":[],"objectId":"5118404","subObjectId":"-1"},{"fields":[],"objectId":"5118406","subObjectId":"-1"},{"fields":[],"objectId":"5118407","subObjectId":"-1"},{"fields":[],"objectId":"5118416","subObjectId":"-1"}],"type":"FieldLabel"},{"rows":[{"fields":[],"objectId":"20","subObjectId":"-1"}],"type":"ViewName"},{"rows":[],"type":"CategoryName"}]},"schema":{"groups":[],"revision":null,"subTable":{},"table":{"fieldList":{"5118394":{"id":"5118394","label":"ID","properties":{"noLabel":"false","required":"true"},"type":"RECORD_ID","var":"id"},"5118395":{"id":"5118395","label":"Updated by","properties":{"noLabel":"false","required":"true"},"type":"MODIFIER","var":"Updated_by"},"5118396":{"id":"5118396","label":"Created By","properties":{"noLabel":"false","required":"true"},"type":"CREATOR","var":"createdBy"},"5118397":{"id":"5118397","label":"Updated datetime","properties":{"noLabel":"false","required":"true"},"type":"MODIFIED_AT","var":"Updated_datetime"},"5118398":{"id":"5118398","label":"Created datetime","properties":{"noLabel":"false","required":"true"},"type":"CREATED_AT","var":"Created_datetime"},"5118399":{"id":"5118399","label":"Status","properties":{"noLabel":"false","required":"false"},"type":"STATUS","var":"Status"},"5118400":{"id":"5118400","label":"Assignee","properties":{"noLabel":"false","required":"false"},"type":"STATUS_ASSIGNEE","var":"Assignee"},"5118401":{"id":"5118401","label":"Categories","properties":{"noLabel":"false","required":"false"},"type":"CATEGORY","var":"Categories"},"5118402":{"id":"5118402","label":"Page","properties":{"defaultValue":null,"digit":"false","displayScale":null,"max":null,"min":null,"noLabel":"false","required":"true","roundingMode":null,"scale":null,"unique":"false","unit":"","unitPosition":"BEFORE"},"type":"DECIMAL","var":"page"},"5118404":{"id":"5118404","label":"Scope","properties":{"defaultValue":"","noLabel":"false","required":"true"},"type":"MULTIPLE_LINE_TEXT","var":"scope"},"5118406":{"id":"5118406","label":"Content","properties":{"defaultValue":"","noLabel":"false","required":"false"},"type":"MULTIPLE_LINE_TEXT","var":"content"},"5118407":{"id":"5118407","label":"Document Version ID","properties":{"defaultValue":null,"digit":"false","displayScale":null,"max":null,"min":null,"noLabel":"false","required":"true","roundingMode":null,"scale":null,"unique":"false","unit":null,"unitPosition":"BEFORE"},"type":"DECIMAL","var":"documentVersionId"},"5118416":{"id":"5118416","label":"Highlight","properties":{"defaultValue":"","noLabel":"false","required":"true"},"type":"MULTIPLE_LINE_TEXT","var":"highlight"}},"id":"1","label":"__ROOT__","properties":null,"var":"__ROOT__"}},"settingsNotesForm":{"content":null,"willBeInherited":null},"status":{"actions":[],"filters":[],"initialStateId":null,"states":[],"useStatus":"false"},"uuid":"bbd65ee7-a546-4675-9b66-73afed937d49","views":[{"advancedMode":null,"builtinType":"ALL","device":null,"fields":[{"row":[{"columnWidth":null,"id":"5118394"},{"columnWidth":null,"id":"5118402"},{"columnWidth":null,"id":"5118404"},{"columnWidth":null,"id":"5118406"},{"columnWidth":null,"id":"5118407"},{"columnWidth":null,"id":"5118416"}]}],"filter":{"category":null,"offset":null,"order":[],"q":null,"size":null,"sort":[]},"html":null,"keyFieldId":null,"name":"(All records)","pager":null,"revision":null,"titleFieldId":null,"view":"20","viewType":"LIST"}]},{"acl":{"app":[],"field":[],"record":[]},"app":null,"category":{"categories":[],"useCategory":"false"},"form":{"layout":"[{\"id\":null,\"type\":\"ROW\",\"isSubTable\":false,\"var\":null,\"label\":null,\"controlList\":[{\"isVirtical\":true,\"styleMap\":{\"width\":120},\"type\":\"RECORD_ID\",\"var\":\"id\",\"label\":\"ID\"}]},{\"id\":null,\"type\":\"ROW\",\"isSubTable\":false,\"var\":null,\"label\":null,\"controlList\":[{\"isVirtical\":true,\"styleMap\":{\"width\":344},\"type\":\"USER_SELECT\",\"var\":\"user\",\"label\":\"User\"}]},{\"id\":null,\"type\":\"ROW\",\"isSubTable\":false,\"var\":null,\"label\":null,\"controlList\":[{\"isVirtical\":true,\"styleMap\":{\"width\":246},\"type\":\"DECIMAL\",\"var\":\"documentVersionId\",\"label\":\"Document Version ID\"},{\"isVirtical\":true,\"styleMap\":{\"width\":193},\"type\":\"SINGLE_LINE_TEXT\",\"var\":\"documentTitle\",\"label\":\"Document Title\"},{\"isVirtical\":true,\"styleMap\":{\"width\":193},\"type\":\"SINGLE_LINE_TEXT\",\"var\":\"documentVersion\",\"label\":\"Document Version\"}]},{\"id\":null,\"type\":\"ROW\",\"isSubTable\":false,\"var\":null,\"label\":null,\"controlList\":[{\"isVirtical\":true,\"styleMap\":{\"width\":193},\"type\":\"SINGLE_LINE_TEXT\",\"var\":\"action\",\"label\":\"Action\"}]}]","revision":null},"iconMeta":null,"info":{"automaticallyChooseTitleComponent":"true","code":null,"decimalPrecision":"16","decimalScale":"4","description":"\u003Cdiv\u003E\u003Cbr /\u003E\u003C/div\u003E","enableBulkDeletion":"false","enableRecordReuse":"true","fiscalYearStartMonth":"4","iconKey":"APP39","iconType":"PRESET","jsFiles":null,"jsScope":"ALL","name":"Document Activities","roundingMode":"HALF_EVEN","theme":"PLAIN","titleComponentLocalId":null,"useComment":"true","useHistory":"true","useInlineEditAndDelete":"true","useThumbnail":"true"},"jsFiles":[],"notification":{"appNotifications":[{"events":["RECORD_COMMENT_ADDED"],"target":{"entityId":"5118376","entityType":"FIELD_ENTITY","includeSubs":"false"}},{"events":["RECORD_COMMENT_ADDED"],"target":{"entityId":"5118377","entityType":"FIELD_ENTITY","includeSubs":"false"}}],"recordNotifications":[],"reminderTimezone":null,"reminders":[],"useComment":"true","useReminder":"false"},"plugins":[],"reports":[],"resource":{"tables":[{"rows":[{"fields":[],"objectId":"0","subObjectId":"-1"}],"type":"AppName"},{"rows":[{"fields":[],"objectId":"0","subObjectId":"-1"}],"type":"AppDescription"},{"rows":[{"fields":[],"objectId":"5118375","subObjectId":"-1"},{"fields":[],"objectId":"5118376","subObjectId":"-1"},{"fields":[],"objectId":"5118377","subObjectId":"-1"},{"fields":[],"objectId":"5118378","subObjectId":"-1"},{"fields":[],"objectId":"5118379","subObjectId":"-1"},{"fields":[],"objectId":"5118380","subObjectId":"-1"},{"fields":[],"objectId":"5118381","subObjectId":"-1"},{"fields":[],"objectId":"5118382","subObjectId":"-1"},{"fields":[],"objectId":"5118383","subObjectId":"-1"},{"fields":[],"objectId":"5118384","subObjectId":"-1"},{"fields":[],"objectId":"5118385","subObjectId":"-1"},{"fields":[],"objectId":"5118386","subObjectId":"-1"},{"fields":[],"objectId":"5118387","subObjectId":"-1"}],"type":"FieldLabel"},{"rows":[{"fields":[],"objectId":"20","subObjectId":"-1"}],"type":"ViewName"},{"rows":[],"type":"CategoryName"}]},"schema":{"groups":[],"revision":null,"subTable":{},"table":{"fieldList":{"5118375":{"id":"5118375","label":"ID","properties":{"noLabel":"false","required":"true"},"type":"RECORD_ID","var":"id"},"5118376":{"id":"5118376","label":"Updated by","properties":{"noLabel":"false","required":"true"},"type":"MODIFIER","var":"Updated_by"},"5118377":{"id":"5118377","label":"Created by","properties":{"noLabel":"false","required":"true"},"type":"CREATOR","var":"Created_by"},"5118378":{"id":"5118378","label":"Updated datetime","properties":{"noLabel":"false","required":"true"},"type":"MODIFIED_AT","var":"Updated_datetime"},"5118379":{"id":"5118379","label":"Created datetime","properties":{"noLabel":"false","required":"true"},"type":"CREATED_AT","var":"Created_datetime"},"5118380":{"id":"5118380","label":"Status","properties":{"noLabel":"false","required":"false"},"type":"STATUS","var":"Status"},"5118381":{"id":"5118381","label":"Assignee","properties":{"noLabel":"false","required":"false"},"type":"STATUS_ASSIGNEE","var":"Assignee"},"5118382":{"id":"5118382","label":"Categories","properties":{"noLabel":"false","required":"false"},"type":"CATEGORY","var":"Categories"},"5118383":{"id":"5118383","label":"User","properties":{"defaultEntities":[],"defaultSelect":[],"entities":[],"noLabel":"false","required":"true","select":[]},"type":"USER_SELECT","var":"user"},"5118384":{"id":"5118384","label":"Document Version ID","properties":{"defaultValue":null,"digit":"false","displayScale":null,"max":null,"min":null,"noLabel":"false","required":"false","roundingMode":null,"scale":null,"unique":"false","unit":null,"unitPosition":"BEFORE"},"type":"DECIMAL","var":"documentVersionId"},"5118385":{"id":"5118385","label":"Action","properties":{"defaultValue":"","expression":"","hideExpression":"false","max":null,"min":null,"noLabel":"false","required":"true","unique":"false"},"type":"SINGLE_LINE_TEXT","var":"action"},"5118386":{"id":"5118386","label":"Document Title","properties":{"defaultValue":"","expression":"","hideExpression":"false","max":null,"min":null,"noLabel":"false","required":"false","unique":"false"},"type":"SINGLE_LINE_TEXT","var":"documentTitle"},"5118387":{"id":"5118387","label":"Document Version","properties":{"defaultValue":"","expression":"","hideExpression":"false","max":null,"min":null,"noLabel":"false","required":"false","unique":"false"},"type":"SINGLE_LINE_TEXT","var":"documentVersion"}},"id":"1","label":"__ROOT__","properties":null,"var":"__ROOT__"}},"settingsNotesForm":{"content":null,"willBeInherited":null},"status":{"actions":[],"filters":[],"initialStateId":null,"states":[],"useStatus":"false"},"uuid":"b757befb-3758-42e6-93a1-6fbfc9d520e6","views":[{"advancedMode":null,"builtinType":"ALL","device":null,"fields":[{"row":[{"columnWidth":null,"id":"5118375"},{"columnWidth":null,"id":"5118383"},{"columnWidth":null,"id":"5118384"},{"columnWidth":null,"id":"5118385"},{"columnWidth":null,"id":"5118386"},{"columnWidth":null,"id":"5118387"}]}],"filter":{"category":null,"offset":null,"order":[],"q":null,"size":null,"sort":[]},"html":null,"keyFieldId":null,"name":"(All records)","pager":null,"revision":null,"titleFieldId":null,"view":"20","viewType":"LIST"}]}],"description":"","iconKey":"APP39","iconMeta":null,"iconSrcAppId":"2df4cec2-6fb7-4fe2-9620-0888e564c7e4","iconType":"PRESET","imagesMeta":[],"lookups":[{"actingAppId":"b757befb-3758-42e6-93a1-6fbfc9d520e6","fieldMappings":[{"fieldId":"5118386","targetFieldId":"5118370"},{"fieldId":"5118387","targetFieldId":"5118368"}],"keyMapping":{"fieldId":"5118384","targetFieldId":"5118360"},"listFields":["5118360","5118369","5118370","5118368"],"query":{"category":null,"offset":null,"order":["desc"],"q":"order by f5118360 desc","size":null,"sort":["f5118360"]},"targetAppId":"8412dc05-fcf2-43d5-aa6b-7c4010f73e3c"},{"actingAppId":"8412dc05-fcf2-43d5-aa6b-7c4010f73e3c","fieldMappings":[{"fieldId":"5118370","targetFieldId":"5118357"}],"keyMapping":{"fieldId":"5118369","targetFieldId":"5118349"},"listFields":["5118349","5118357"],"query":{"category":null,"offset":null,"order":["desc"],"q":"order by f5118349 desc","size":null,"sort":["f5118349"]},"targetAppId":"2df4cec2-6fb7-4fe2-9620-0888e564c7e4"},{"actingAppId":"bbd65ee7-a546-4675-9b66-73afed937d49","fieldMappings":[],"keyMapping":{"fieldId":"5118407","targetFieldId":"5118360"},"listFields":[],"query":{"category":null,"offset":null,"order":["desc"],"q":"order by f5118360 desc","size":null,"sort":["f5118360"]},"targetAppId":"8412dc05-fcf2-43d5-aa6b-7c4010f73e3c"}],"name":"kintone_app_template","references":[{"actingAppId":"2df4cec2-6fb7-4fe2-9620-0888e564c7e4","filterInputFieldId":"5118349","filterMasterFieldId":"5118369","masterFieldIds":["5118360","5118368","5118371"],"query":{"category":null,"offset":null,"order":["desc"],"q":"order by f5118364 desc","size":null,"sort":["f5118364"]},"size":"50","targetAppId":"8412dc05-fcf2-43d5-aa6b-7c4010f73e3c","vtComponentLocalId":"5118391"}],"version":"41"}